title,url,thumbnail_url,channel,description
NBA Youngboy - Heart & Soul / Alligator Walk,https://www.youtube.com/watch?v=NvKjO-8DusE,https://i.ytimg.com/vi/NvKjO-8DusE/hqdefault.jpg?sqp=-oaymwEcCPYBEIoBSFXyq4qpAw4IARUAAIhCGAFwAcABBg==&rs=AOn4CLAMG1WseAnwxQodzhrKsZHbO-Yo3g,YoungBoy Never Broke Again,"YoungBoy Never Broke Again ‚Äì ‚ÄòSincerely, Kentrell‚Äô OUT NOW: https://youngboy.lnk.to/SincerelyKentrellID Subscribe for more official content from YoungBoy NBA: https://youngboy.lnk.to/Sub..."
Try Guys Bake Mac & Cheese Without A Recipe,https://www.youtube.com/watch?v=DuMVJj6jBpA,https://i.ytimg.com/vi/DuMVJj6jBpA/hqdefault.jpg?sqp=-oaymwEcCPYBEIoBSFXyq4qpAw4IARUAAIhCGAFwAcABBg==&rs=AOn4CLCF9YkC6yQbdOdejaWtG6J0IQEP0Q,The Try Guys,We hope this episode will Mac you smile :) Today we're trying to make baked mac & cheese FROM SCRATCH and #WithoutARecipe! Who's cheesy noods will take top dish?! SHOP our talking figurines...
"Minecraft, But My Friend Is A Bee...",https://www.youtube.com/watch?v=B2mfHYhjcMA,https://i.ytimg.com/vi/B2mfHYhjcMA/hqdefault.jpg?sqp=-oaymwEcCPYBEIoBSFXyq4qpAw4IARUAAIhCGAFwAcABBg==&rs=AOn4CLBwv9BpQTHtSLTiueVtiUV22p-lSg,GeorgeNotFound,"Minecraft, But My Friend Is A Bee... I turned my friend into a Minecraft bee! He had to be by my side and help me fend off mobs attacking me but he could not break or place blocks. This was..."
Kodak Black - Super Gremlin [Official Music Video]- REACTION w/ KODAK,https://www.youtube.com/watch?v=PIALkleOGKw,https://i.ytimg.com/vi/PIALkleOGKw/hqdefault.jpg?sqp=-oaymwEcCPYBEIoBSFXyq4qpAw4IARUAAIhCGAFwAcABBg==&rs=AOn4CLDQVemWPILdmUh2Ew3xmgWJhDI8Aw,ZIAS!,This is our reaction to Kodak Black - Super Gremlin Official Music Video My restaurant Wing SZN is now open available for order on all delivery apps. Follow www.Wingszn.com Subscribe for more...
Doja Cat - Woman (Official Video),https://www.youtube.com/watch?v=yxW5yuzVi8w,https://i.ytimg.com/vi/yxW5yuzVi8w/hqdefault.jpg?sqp=-oaymwEcCPYBEIoBSFXyq4qpAw4IARUAAIhCGAFwAcABBg==&rs=AOn4CLAg5IFStKc3QgtgXKISCm63pv_w1Q,Doja Cat,Doja Cat // Woman (Official Video) Planet Her // The New Album Out Now: https://smarturl.it/xPlanetHer ü™ê Visit https://dojacode.com to unlock hidden features in an interactive experience...
When All You Wanna Do Is JUST Have Fun In Walmart,https://www.youtube.com/watch?v=WFoXqRZS6KM,,Amyy Woahh,
Polo G - Young N Dumb (Official Video),https://www.youtube.com/watch?v=YvUqogKqRYE,,Polo G,Official video for ‚ÄúYoung N Dumb‚Äù by Polo G Listen & Download ‚ÄòHall Of Fame 2.0‚Äô out now: https://polog.lnk.to/HOFDeluxe Amazon Music - https://polog.lnk.to/HOFDeluxe/amazonmusic...
"Surprising My Sister With A $2,000,000 HOUSE!!",https://www.youtube.com/watch?v=w649eX7QzY0,,Rosanna Pansino,This is not clickbait! My sister and I are now officially NEIGHBORS! SUBSCRIBE ‚ñ∫ https://www.youtube.com/subscription_center?add_user=rosannapansino ----------------------------------------------...
$20 Whole Chicken Vs. $78 Whole Chicken,https://www.youtube.com/watch?v=rRSOt9SpBMI,,About To Eat,"Steven, Andrew, and Adam travel to three restaurants, trying the same food at three price points, to see which is the most worth it. In this episode they‚Äôre trying whole chickens. 0:00 Intro..."
The Story of Minecraft's Most EVIL Villager,https://www.youtube.com/watch?v=pd6EyrvmLkg,,Dragonic,This is the story and theory of the origin story of the Minecraft Villager. Who is he? And what is his secrets? That's what we uncover in this Minecraft Video. This theory / lore was wild!...
